"https://www.aliexpress.com/item/32949506271.html?spm=a2g0o.productlist.0.0.3888e7b879Rcun&s=p&ad_pvid=202007052216005954785301924050015873321_1&algo_pvid=f893b3df-c6b9-4ebe-9a0a-8b6e8fadcd06&algo_expid=f893b3df-c6b9-4ebe-9a0a-8b6e8fadcd06-0&btsid=0ab6f83a15940125603762150e6ac3&ws_ab_test=searchweb0_0,searchweb201602_,searchweb201603_
",CAMEL Men Women High Top Hiking Shoes 2019 Durable Waterproof Anti-Slip Outdoor Climbing Trekking Shoes Military Tactical Boots,Camel Official Store,Male-Black,4.5,NA,NA
"https://www.aliexpress.com/item/32949506271.html?spm=a2g0o.productlist.0.0.3888e7b879Rcun&s=p&ad_pvid=202007052216005954785301924050015873321_1&algo_pvid=f893b3df-c6b9-4ebe-9a0a-8b6e8fadcd06&algo_expid=f893b3df-c6b9-4ebe-9a0a-8b6e8fadcd06-0&btsid=0ab6f83a15940125603762150e6ac3&ws_ab_test=searchweb0_0,searchweb201602_,searchweb201603_
",CAMEL Men Women High Top Hiking Shoes 2019 Durable Waterproof Anti-Slip Outdoor Climbing Trekking Shoes Military Tactical Boots,Camel Official Store,Male-Black,5,NA,NA
"https://www.aliexpress.com/item/32949506271.html?spm=a2g0o.productlist.0.0.3888e7b879Rcun&s=p&ad_pvid=202007052216005954785301924050015873321_1&algo_pvid=f893b3df-c6b9-4ebe-9a0a-8b6e8fadcd06&algo_expid=f893b3df-c6b9-4ebe-9a0a-8b6e8fadcd06-0&btsid=0ab6f83a15940125603762150e6ac3&ws_ab_test=searchweb0_0,searchweb201602_,searchweb201603_
",CAMEL Men Women High Top Hiking Shoes 2019 Durable Waterproof Anti-Slip Outdoor Climbing Trekking Shoes Military Tactical Boots,Camel Official Store,Male-Black,5.5,NA,NA
"https://www.aliexpress.com/item/32949506271.html?spm=a2g0o.productlist.0.0.3888e7b879Rcun&s=p&ad_pvid=202007052216005954785301924050015873321_1&algo_pvid=f893b3df-c6b9-4ebe-9a0a-8b6e8fadcd06&algo_expid=f893b3df-c6b9-4ebe-9a0a-8b6e8fadcd06-0&btsid=0ab6f83a15940125603762150e6ac3&ws_ab_test=searchweb0_0,searchweb201602_,searchweb201603_
",CAMEL Men Women High Top Hiking Shoes 2019 Durable Waterproof Anti-Slip Outdoor Climbing Trekking Shoes Military Tactical Boots,Camel Official Store,Male-Black,6,NA,NA
"https://www.aliexpress.com/item/32949506271.html?spm=a2g0o.productlist.0.0.3888e7b879Rcun&s=p&ad_pvid=202007052216005954785301924050015873321_1&algo_pvid=f893b3df-c6b9-4ebe-9a0a-8b6e8fadcd06&algo_expid=f893b3df-c6b9-4ebe-9a0a-8b6e8fadcd06-0&btsid=0ab6f83a15940125603762150e6ac3&ws_ab_test=searchweb0_0,searchweb201602_,searchweb201603_
",CAMEL Men Women High Top Hiking Shoes 2019 Durable Waterproof Anti-Slip Outdoor Climbing Trekking Shoes Military Tactical Boots,Camel Official Store,Male-Black,6.5,NA,NA
"https://www.aliexpress.com/item/32949506271.html?spm=a2g0o.productlist.0.0.3888e7b879Rcun&s=p&ad_pvid=202007052216005954785301924050015873321_1&algo_pvid=f893b3df-c6b9-4ebe-9a0a-8b6e8fadcd06&algo_expid=f893b3df-c6b9-4ebe-9a0a-8b6e8fadcd06-0&btsid=0ab6f83a15940125603762150e6ac3&ws_ab_test=searchweb0_0,searchweb201602_,searchweb201603_
",CAMEL Men Women High Top Hiking Shoes 2019 Durable Waterproof Anti-Slip Outdoor Climbing Trekking Shoes Military Tactical Boots,Camel Official Store,Male-Black,7,NA,NA
"https://www.aliexpress.com/item/32949506271.html?spm=a2g0o.productlist.0.0.3888e7b879Rcun&s=p&ad_pvid=202007052216005954785301924050015873321_1&algo_pvid=f893b3df-c6b9-4ebe-9a0a-8b6e8fadcd06&algo_expid=f893b3df-c6b9-4ebe-9a0a-8b6e8fadcd06-0&btsid=0ab6f83a15940125603762150e6ac3&ws_ab_test=searchweb0_0,searchweb201602_,searchweb201603_
",CAMEL Men Women High Top Hiking Shoes 2019 Durable Waterproof Anti-Slip Outdoor Climbing Trekking Shoes Military Tactical Boots,Camel Official Store,Male-Black,7.5,NA,NA
"https://www.aliexpress.com/item/32949506271.html?spm=a2g0o.productlist.0.0.3888e7b879Rcun&s=p&ad_pvid=202007052216005954785301924050015873321_1&algo_pvid=f893b3df-c6b9-4ebe-9a0a-8b6e8fadcd06&algo_expid=f893b3df-c6b9-4ebe-9a0a-8b6e8fadcd06-0&btsid=0ab6f83a15940125603762150e6ac3&ws_ab_test=searchweb0_0,searchweb201602_,searchweb201603_
",CAMEL Men Women High Top Hiking Shoes 2019 Durable Waterproof Anti-Slip Outdoor Climbing Trekking Shoes Military Tactical Boots,Camel Official Store,Male-Black,8,NA,NA
"https://www.aliexpress.com/item/32949506271.html?spm=a2g0o.productlist.0.0.3888e7b879Rcun&s=p&ad_pvid=202007052216005954785301924050015873321_1&algo_pvid=f893b3df-c6b9-4ebe-9a0a-8b6e8fadcd06&algo_expid=f893b3df-c6b9-4ebe-9a0a-8b6e8fadcd06-0&btsid=0ab6f83a15940125603762150e6ac3&ws_ab_test=searchweb0_0,searchweb201602_,searchweb201603_
",CAMEL Men Women High Top Hiking Shoes 2019 Durable Waterproof Anti-Slip Outdoor Climbing Trekking Shoes Military Tactical Boots,Camel Official Store,Male-Black,8.5,HRK 336.27,40
"https://www.aliexpress.com/item/32949506271.html?spm=a2g0o.productlist.0.0.3888e7b879Rcun&s=p&ad_pvid=202007052216005954785301924050015873321_1&algo_pvid=f893b3df-c6b9-4ebe-9a0a-8b6e8fadcd06&algo_expid=f893b3df-c6b9-4ebe-9a0a-8b6e8fadcd06-0&btsid=0ab6f83a15940125603762150e6ac3&ws_ab_test=searchweb0_0,searchweb201602_,searchweb201603_
",CAMEL Men Women High Top Hiking Shoes 2019 Durable Waterproof Anti-Slip Outdoor Climbing Trekking Shoes Military Tactical Boots,Camel Official Store,Male-Black,9,NA,NA
"https://www.aliexpress.com/item/32949506271.html?spm=a2g0o.productlist.0.0.3888e7b879Rcun&s=p&ad_pvid=202007052216005954785301924050015873321_1&algo_pvid=f893b3df-c6b9-4ebe-9a0a-8b6e8fadcd06&algo_expid=f893b3df-c6b9-4ebe-9a0a-8b6e8fadcd06-0&btsid=0ab6f83a15940125603762150e6ac3&ws_ab_test=searchweb0_0,searchweb201602_,searchweb201603_
",CAMEL Men Women High Top Hiking Shoes 2019 Durable Waterproof Anti-Slip Outdoor Climbing Trekking Shoes Military Tactical Boots,Camel Official Store,Male-Dark Khaki,4.5,NA,NA
"https://www.aliexpress.com/item/32949506271.html?spm=a2g0o.productlist.0.0.3888e7b879Rcun&s=p&ad_pvid=202007052216005954785301924050015873321_1&algo_pvid=f893b3df-c6b9-4ebe-9a0a-8b6e8fadcd06&algo_expid=f893b3df-c6b9-4ebe-9a0a-8b6e8fadcd06-0&btsid=0ab6f83a15940125603762150e6ac3&ws_ab_test=searchweb0_0,searchweb201602_,searchweb201603_
",CAMEL Men Women High Top Hiking Shoes 2019 Durable Waterproof Anti-Slip Outdoor Climbing Trekking Shoes Military Tactical Boots,Camel Official Store,Male-Dark Khaki,5,NA,NA
"https://www.aliexpress.com/item/32949506271.html?spm=a2g0o.productlist.0.0.3888e7b879Rcun&s=p&ad_pvid=202007052216005954785301924050015873321_1&algo_pvid=f893b3df-c6b9-4ebe-9a0a-8b6e8fadcd06&algo_expid=f893b3df-c6b9-4ebe-9a0a-8b6e8fadcd06-0&btsid=0ab6f83a15940125603762150e6ac3&ws_ab_test=searchweb0_0,searchweb201602_,searchweb201603_
",CAMEL Men Women High Top Hiking Shoes 2019 Durable Waterproof Anti-Slip Outdoor Climbing Trekking Shoes Military Tactical Boots,Camel Official Store,Male-Dark Khaki,5.5,NA,NA
"https://www.aliexpress.com/item/32949506271.html?spm=a2g0o.productlist.0.0.3888e7b879Rcun&s=p&ad_pvid=202007052216005954785301924050015873321_1&algo_pvid=f893b3df-c6b9-4ebe-9a0a-8b6e8fadcd06&algo_expid=f893b3df-c6b9-4ebe-9a0a-8b6e8fadcd06-0&btsid=0ab6f83a15940125603762150e6ac3&ws_ab_test=searchweb0_0,searchweb201602_,searchweb201603_
",CAMEL Men Women High Top Hiking Shoes 2019 Durable Waterproof Anti-Slip Outdoor Climbing Trekking Shoes Military Tactical Boots,Camel Official Store,Male-Dark Khaki,6,HRK 336.27,100
"https://www.aliexpress.com/item/32949506271.html?spm=a2g0o.productlist.0.0.3888e7b879Rcun&s=p&ad_pvid=202007052216005954785301924050015873321_1&algo_pvid=f893b3df-c6b9-4ebe-9a0a-8b6e8fadcd06&algo_expid=f893b3df-c6b9-4ebe-9a0a-8b6e8fadcd06-0&btsid=0ab6f83a15940125603762150e6ac3&ws_ab_test=searchweb0_0,searchweb201602_,searchweb201603_
",CAMEL Men Women High Top Hiking Shoes 2019 Durable Waterproof Anti-Slip Outdoor Climbing Trekking Shoes Military Tactical Boots,Camel Official Store,Male-Dark Khaki,6.5,HRK 336.27,100
"https://www.aliexpress.com/item/32949506271.html?spm=a2g0o.productlist.0.0.3888e7b879Rcun&s=p&ad_pvid=202007052216005954785301924050015873321_1&algo_pvid=f893b3df-c6b9-4ebe-9a0a-8b6e8fadcd06&algo_expid=f893b3df-c6b9-4ebe-9a0a-8b6e8fadcd06-0&btsid=0ab6f83a15940125603762150e6ac3&ws_ab_test=searchweb0_0,searchweb201602_,searchweb201603_
",CAMEL Men Women High Top Hiking Shoes 2019 Durable Waterproof Anti-Slip Outdoor Climbing Trekking Shoes Military Tactical Boots,Camel Official Store,Male-Dark Khaki,7,HRK 336.27,99
"https://www.aliexpress.com/item/32949506271.html?spm=a2g0o.productlist.0.0.3888e7b879Rcun&s=p&ad_pvid=202007052216005954785301924050015873321_1&algo_pvid=f893b3df-c6b9-4ebe-9a0a-8b6e8fadcd06&algo_expid=f893b3df-c6b9-4ebe-9a0a-8b6e8fadcd06-0&btsid=0ab6f83a15940125603762150e6ac3&ws_ab_test=searchweb0_0,searchweb201602_,searchweb201603_
",CAMEL Men Women High Top Hiking Shoes 2019 Durable Waterproof Anti-Slip Outdoor Climbing Trekking Shoes Military Tactical Boots,Camel Official Store,Male-Dark Khaki,7.5,HRK 336.27,98
"https://www.aliexpress.com/item/32949506271.html?spm=a2g0o.productlist.0.0.3888e7b879Rcun&s=p&ad_pvid=202007052216005954785301924050015873321_1&algo_pvid=f893b3df-c6b9-4ebe-9a0a-8b6e8fadcd06&algo_expid=f893b3df-c6b9-4ebe-9a0a-8b6e8fadcd06-0&btsid=0ab6f83a15940125603762150e6ac3&ws_ab_test=searchweb0_0,searchweb201602_,searchweb201603_
",CAMEL Men Women High Top Hiking Shoes 2019 Durable Waterproof Anti-Slip Outdoor Climbing Trekking Shoes Military Tactical Boots,Camel Official Store,Male-Dark Khaki,8,HRK 336.27,98
"https://www.aliexpress.com/item/32949506271.html?spm=a2g0o.productlist.0.0.3888e7b879Rcun&s=p&ad_pvid=202007052216005954785301924050015873321_1&algo_pvid=f893b3df-c6b9-4ebe-9a0a-8b6e8fadcd06&algo_expid=f893b3df-c6b9-4ebe-9a0a-8b6e8fadcd06-0&btsid=0ab6f83a15940125603762150e6ac3&ws_ab_test=searchweb0_0,searchweb201602_,searchweb201603_
",CAMEL Men Women High Top Hiking Shoes 2019 Durable Waterproof Anti-Slip Outdoor Climbing Trekking Shoes Military Tactical Boots,Camel Official Store,Male-Dark Khaki,8.5,HRK 336.27,100
"https://www.aliexpress.com/item/32949506271.html?spm=a2g0o.productlist.0.0.3888e7b879Rcun&s=p&ad_pvid=202007052216005954785301924050015873321_1&algo_pvid=f893b3df-c6b9-4ebe-9a0a-8b6e8fadcd06&algo_expid=f893b3df-c6b9-4ebe-9a0a-8b6e8fadcd06-0&btsid=0ab6f83a15940125603762150e6ac3&ws_ab_test=searchweb0_0,searchweb201602_,searchweb201603_
",CAMEL Men Women High Top Hiking Shoes 2019 Durable Waterproof Anti-Slip Outdoor Climbing Trekking Shoes Military Tactical Boots,Camel Official Store,Male-Dark Khaki,9,HRK 336.27,100
"https://www.aliexpress.com/item/32949506271.html?spm=a2g0o.productlist.0.0.3888e7b879Rcun&s=p&ad_pvid=202007052216005954785301924050015873321_1&algo_pvid=f893b3df-c6b9-4ebe-9a0a-8b6e8fadcd06&algo_expid=f893b3df-c6b9-4ebe-9a0a-8b6e8fadcd06-0&btsid=0ab6f83a15940125603762150e6ac3&ws_ab_test=searchweb0_0,searchweb201602_,searchweb201603_
",CAMEL Men Women High Top Hiking Shoes 2019 Durable Waterproof Anti-Slip Outdoor Climbing Trekking Shoes Military Tactical Boots,Camel Official Store,Male-Army Green,4.5,NA,NA
"https://www.aliexpress.com/item/32949506271.html?spm=a2g0o.productlist.0.0.3888e7b879Rcun&s=p&ad_pvid=202007052216005954785301924050015873321_1&algo_pvid=f893b3df-c6b9-4ebe-9a0a-8b6e8fadcd06&algo_expid=f893b3df-c6b9-4ebe-9a0a-8b6e8fadcd06-0&btsid=0ab6f83a15940125603762150e6ac3&ws_ab_test=searchweb0_0,searchweb201602_,searchweb201603_
",CAMEL Men Women High Top Hiking Shoes 2019 Durable Waterproof Anti-Slip Outdoor Climbing Trekking Shoes Military Tactical Boots,Camel Official Store,Male-Army Green,5,NA,NA
"https://www.aliexpress.com/item/32949506271.html?spm=a2g0o.productlist.0.0.3888e7b879Rcun&s=p&ad_pvid=202007052216005954785301924050015873321_1&algo_pvid=f893b3df-c6b9-4ebe-9a0a-8b6e8fadcd06&algo_expid=f893b3df-c6b9-4ebe-9a0a-8b6e8fadcd06-0&btsid=0ab6f83a15940125603762150e6ac3&ws_ab_test=searchweb0_0,searchweb201602_,searchweb201603_
",CAMEL Men Women High Top Hiking Shoes 2019 Durable Waterproof Anti-Slip Outdoor Climbing Trekking Shoes Military Tactical Boots,Camel Official Store,Male-Army Green,5.5,NA,NA
"https://www.aliexpress.com/item/32949506271.html?spm=a2g0o.productlist.0.0.3888e7b879Rcun&s=p&ad_pvid=202007052216005954785301924050015873321_1&algo_pvid=f893b3df-c6b9-4ebe-9a0a-8b6e8fadcd06&algo_expid=f893b3df-c6b9-4ebe-9a0a-8b6e8fadcd06-0&btsid=0ab6f83a15940125603762150e6ac3&ws_ab_test=searchweb0_0,searchweb201602_,searchweb201603_
",CAMEL Men Women High Top Hiking Shoes 2019 Durable Waterproof Anti-Slip Outdoor Climbing Trekking Shoes Military Tactical Boots,Camel Official Store,Male-Army Green,6,NA,NA
"https://www.aliexpress.com/item/32949506271.html?spm=a2g0o.productlist.0.0.3888e7b879Rcun&s=p&ad_pvid=202007052216005954785301924050015873321_1&algo_pvid=f893b3df-c6b9-4ebe-9a0a-8b6e8fadcd06&algo_expid=f893b3df-c6b9-4ebe-9a0a-8b6e8fadcd06-0&btsid=0ab6f83a15940125603762150e6ac3&ws_ab_test=searchweb0_0,searchweb201602_,searchweb201603_
",CAMEL Men Women High Top Hiking Shoes 2019 Durable Waterproof Anti-Slip Outdoor Climbing Trekking Shoes Military Tactical Boots,Camel Official Store,Male-Army Green,6.5,HRK 336.27,20
"https://www.aliexpress.com/item/32949506271.html?spm=a2g0o.productlist.0.0.3888e7b879Rcun&s=p&ad_pvid=202007052216005954785301924050015873321_1&algo_pvid=f893b3df-c6b9-4ebe-9a0a-8b6e8fadcd06&algo_expid=f893b3df-c6b9-4ebe-9a0a-8b6e8fadcd06-0&btsid=0ab6f83a15940125603762150e6ac3&ws_ab_test=searchweb0_0,searchweb201602_,searchweb201603_
",CAMEL Men Women High Top Hiking Shoes 2019 Durable Waterproof Anti-Slip Outdoor Climbing Trekking Shoes Military Tactical Boots,Camel Official Store,Male-Army Green,7,HRK 336.27,100
"https://www.aliexpress.com/item/32949506271.html?spm=a2g0o.productlist.0.0.3888e7b879Rcun&s=p&ad_pvid=202007052216005954785301924050015873321_1&algo_pvid=f893b3df-c6b9-4ebe-9a0a-8b6e8fadcd06&algo_expid=f893b3df-c6b9-4ebe-9a0a-8b6e8fadcd06-0&btsid=0ab6f83a15940125603762150e6ac3&ws_ab_test=searchweb0_0,searchweb201602_,searchweb201603_
",CAMEL Men Women High Top Hiking Shoes 2019 Durable Waterproof Anti-Slip Outdoor Climbing Trekking Shoes Military Tactical Boots,Camel Official Store,Male-Army Green,7.5,HRK 336.27,100
"https://www.aliexpress.com/item/32949506271.html?spm=a2g0o.productlist.0.0.3888e7b879Rcun&s=p&ad_pvid=202007052216005954785301924050015873321_1&algo_pvid=f893b3df-c6b9-4ebe-9a0a-8b6e8fadcd06&algo_expid=f893b3df-c6b9-4ebe-9a0a-8b6e8fadcd06-0&btsid=0ab6f83a15940125603762150e6ac3&ws_ab_test=searchweb0_0,searchweb201602_,searchweb201603_
",CAMEL Men Women High Top Hiking Shoes 2019 Durable Waterproof Anti-Slip Outdoor Climbing Trekking Shoes Military Tactical Boots,Camel Official Store,Male-Army Green,8,HRK 336.27,100
"https://www.aliexpress.com/item/32949506271.html?spm=a2g0o.productlist.0.0.3888e7b879Rcun&s=p&ad_pvid=202007052216005954785301924050015873321_1&algo_pvid=f893b3df-c6b9-4ebe-9a0a-8b6e8fadcd06&algo_expid=f893b3df-c6b9-4ebe-9a0a-8b6e8fadcd06-0&btsid=0ab6f83a15940125603762150e6ac3&ws_ab_test=searchweb0_0,searchweb201602_,searchweb201603_
",CAMEL Men Women High Top Hiking Shoes 2019 Durable Waterproof Anti-Slip Outdoor Climbing Trekking Shoes Military Tactical Boots,Camel Official Store,Male-Army Green,8.5,HRK 336.27,99
"https://www.aliexpress.com/item/32949506271.html?spm=a2g0o.productlist.0.0.3888e7b879Rcun&s=p&ad_pvid=202007052216005954785301924050015873321_1&algo_pvid=f893b3df-c6b9-4ebe-9a0a-8b6e8fadcd06&algo_expid=f893b3df-c6b9-4ebe-9a0a-8b6e8fadcd06-0&btsid=0ab6f83a15940125603762150e6ac3&ws_ab_test=searchweb0_0,searchweb201602_,searchweb201603_
",CAMEL Men Women High Top Hiking Shoes 2019 Durable Waterproof Anti-Slip Outdoor Climbing Trekking Shoes Military Tactical Boots,Camel Official Store,Male-Army Green,9,HRK 336.27,39
"https://www.aliexpress.com/item/32949506271.html?spm=a2g0o.productlist.0.0.3888e7b879Rcun&s=p&ad_pvid=202007052216005954785301924050015873321_1&algo_pvid=f893b3df-c6b9-4ebe-9a0a-8b6e8fadcd06&algo_expid=f893b3df-c6b9-4ebe-9a0a-8b6e8fadcd06-0&btsid=0ab6f83a15940125603762150e6ac3&ws_ab_test=searchweb0_0,searchweb201602_,searchweb201603_
",CAMEL Men Women High Top Hiking Shoes 2019 Durable Waterproof Anti-Slip Outdoor Climbing Trekking Shoes Military Tactical Boots,Camel Official Store,Female-Coffee,4.5,HRK 336.27,100
"https://www.aliexpress.com/item/32949506271.html?spm=a2g0o.productlist.0.0.3888e7b879Rcun&s=p&ad_pvid=202007052216005954785301924050015873321_1&algo_pvid=f893b3df-c6b9-4ebe-9a0a-8b6e8fadcd06&algo_expid=f893b3df-c6b9-4ebe-9a0a-8b6e8fadcd06-0&btsid=0ab6f83a15940125603762150e6ac3&ws_ab_test=searchweb0_0,searchweb201602_,searchweb201603_
",CAMEL Men Women High Top Hiking Shoes 2019 Durable Waterproof Anti-Slip Outdoor Climbing Trekking Shoes Military Tactical Boots,Camel Official Store,Female-Coffee,5,HRK 336.27,100
"https://www.aliexpress.com/item/32949506271.html?spm=a2g0o.productlist.0.0.3888e7b879Rcun&s=p&ad_pvid=202007052216005954785301924050015873321_1&algo_pvid=f893b3df-c6b9-4ebe-9a0a-8b6e8fadcd06&algo_expid=f893b3df-c6b9-4ebe-9a0a-8b6e8fadcd06-0&btsid=0ab6f83a15940125603762150e6ac3&ws_ab_test=searchweb0_0,searchweb201602_,searchweb201603_
",CAMEL Men Women High Top Hiking Shoes 2019 Durable Waterproof Anti-Slip Outdoor Climbing Trekking Shoes Military Tactical Boots,Camel Official Store,Female-Coffee,5.5,HRK 336.27,100
"https://www.aliexpress.com/item/32949506271.html?spm=a2g0o.productlist.0.0.3888e7b879Rcun&s=p&ad_pvid=202007052216005954785301924050015873321_1&algo_pvid=f893b3df-c6b9-4ebe-9a0a-8b6e8fadcd06&algo_expid=f893b3df-c6b9-4ebe-9a0a-8b6e8fadcd06-0&btsid=0ab6f83a15940125603762150e6ac3&ws_ab_test=searchweb0_0,searchweb201602_,searchweb201603_
",CAMEL Men Women High Top Hiking Shoes 2019 Durable Waterproof Anti-Slip Outdoor Climbing Trekking Shoes Military Tactical Boots,Camel Official Store,Female-Coffee,6,HRK 336.27,100
"https://www.aliexpress.com/item/32949506271.html?spm=a2g0o.productlist.0.0.3888e7b879Rcun&s=p&ad_pvid=202007052216005954785301924050015873321_1&algo_pvid=f893b3df-c6b9-4ebe-9a0a-8b6e8fadcd06&algo_expid=f893b3df-c6b9-4ebe-9a0a-8b6e8fadcd06-0&btsid=0ab6f83a15940125603762150e6ac3&ws_ab_test=searchweb0_0,searchweb201602_,searchweb201603_
",CAMEL Men Women High Top Hiking Shoes 2019 Durable Waterproof Anti-Slip Outdoor Climbing Trekking Shoes Military Tactical Boots,Camel Official Store,Female-Coffee,6.5,HRK 336.27,100
"https://www.aliexpress.com/item/32949506271.html?spm=a2g0o.productlist.0.0.3888e7b879Rcun&s=p&ad_pvid=202007052216005954785301924050015873321_1&algo_pvid=f893b3df-c6b9-4ebe-9a0a-8b6e8fadcd06&algo_expid=f893b3df-c6b9-4ebe-9a0a-8b6e8fadcd06-0&btsid=0ab6f83a15940125603762150e6ac3&ws_ab_test=searchweb0_0,searchweb201602_,searchweb201603_
",CAMEL Men Women High Top Hiking Shoes 2019 Durable Waterproof Anti-Slip Outdoor Climbing Trekking Shoes Military Tactical Boots,Camel Official Store,Female-Coffee,7,HRK 336.27,99
"https://www.aliexpress.com/item/32949506271.html?spm=a2g0o.productlist.0.0.3888e7b879Rcun&s=p&ad_pvid=202007052216005954785301924050015873321_1&algo_pvid=f893b3df-c6b9-4ebe-9a0a-8b6e8fadcd06&algo_expid=f893b3df-c6b9-4ebe-9a0a-8b6e8fadcd06-0&btsid=0ab6f83a15940125603762150e6ac3&ws_ab_test=searchweb0_0,searchweb201602_,searchweb201603_
",CAMEL Men Women High Top Hiking Shoes 2019 Durable Waterproof Anti-Slip Outdoor Climbing Trekking Shoes Military Tactical Boots,Camel Official Store,Female-Coffee,7.5,NA,NA
"https://www.aliexpress.com/item/32949506271.html?spm=a2g0o.productlist.0.0.3888e7b879Rcun&s=p&ad_pvid=202007052216005954785301924050015873321_1&algo_pvid=f893b3df-c6b9-4ebe-9a0a-8b6e8fadcd06&algo_expid=f893b3df-c6b9-4ebe-9a0a-8b6e8fadcd06-0&btsid=0ab6f83a15940125603762150e6ac3&ws_ab_test=searchweb0_0,searchweb201602_,searchweb201603_
",CAMEL Men Women High Top Hiking Shoes 2019 Durable Waterproof Anti-Slip Outdoor Climbing Trekking Shoes Military Tactical Boots,Camel Official Store,Female-Coffee,8,NA,NA
"https://www.aliexpress.com/item/32949506271.html?spm=a2g0o.productlist.0.0.3888e7b879Rcun&s=p&ad_pvid=202007052216005954785301924050015873321_1&algo_pvid=f893b3df-c6b9-4ebe-9a0a-8b6e8fadcd06&algo_expid=f893b3df-c6b9-4ebe-9a0a-8b6e8fadcd06-0&btsid=0ab6f83a15940125603762150e6ac3&ws_ab_test=searchweb0_0,searchweb201602_,searchweb201603_
",CAMEL Men Women High Top Hiking Shoes 2019 Durable Waterproof Anti-Slip Outdoor Climbing Trekking Shoes Military Tactical Boots,Camel Official Store,Female-Coffee,8.5,NA,NA
"https://www.aliexpress.com/item/32949506271.html?spm=a2g0o.productlist.0.0.3888e7b879Rcun&s=p&ad_pvid=202007052216005954785301924050015873321_1&algo_pvid=f893b3df-c6b9-4ebe-9a0a-8b6e8fadcd06&algo_expid=f893b3df-c6b9-4ebe-9a0a-8b6e8fadcd06-0&btsid=0ab6f83a15940125603762150e6ac3&ws_ab_test=searchweb0_0,searchweb201602_,searchweb201603_
",CAMEL Men Women High Top Hiking Shoes 2019 Durable Waterproof Anti-Slip Outdoor Climbing Trekking Shoes Military Tactical Boots,Camel Official Store,Female-Coffee,9,NA,NA
"https://www.aliexpress.com/item/32949506271.html?spm=a2g0o.productlist.0.0.3888e7b879Rcun&s=p&ad_pvid=202007052216005954785301924050015873321_1&algo_pvid=f893b3df-c6b9-4ebe-9a0a-8b6e8fadcd06&algo_expid=f893b3df-c6b9-4ebe-9a0a-8b6e8fadcd06-0&btsid=0ab6f83a15940125603762150e6ac3&ws_ab_test=searchweb0_0,searchweb201602_,searchweb201603_
",CAMEL Men Women High Top Hiking Shoes 2019 Durable Waterproof Anti-Slip Outdoor Climbing Trekking Shoes Military Tactical Boots,Camel Official Store,Female-Black,4.5,HRK 336.27,20
"https://www.aliexpress.com/item/32949506271.html?spm=a2g0o.productlist.0.0.3888e7b879Rcun&s=p&ad_pvid=202007052216005954785301924050015873321_1&algo_pvid=f893b3df-c6b9-4ebe-9a0a-8b6e8fadcd06&algo_expid=f893b3df-c6b9-4ebe-9a0a-8b6e8fadcd06-0&btsid=0ab6f83a15940125603762150e6ac3&ws_ab_test=searchweb0_0,searchweb201602_,searchweb201603_
",CAMEL Men Women High Top Hiking Shoes 2019 Durable Waterproof Anti-Slip Outdoor Climbing Trekking Shoes Military Tactical Boots,Camel Official Store,Female-Black,5,HRK 336.27,99
"https://www.aliexpress.com/item/32949506271.html?spm=a2g0o.productlist.0.0.3888e7b879Rcun&s=p&ad_pvid=202007052216005954785301924050015873321_1&algo_pvid=f893b3df-c6b9-4ebe-9a0a-8b6e8fadcd06&algo_expid=f893b3df-c6b9-4ebe-9a0a-8b6e8fadcd06-0&btsid=0ab6f83a15940125603762150e6ac3&ws_ab_test=searchweb0_0,searchweb201602_,searchweb201603_
",CAMEL Men Women High Top Hiking Shoes 2019 Durable Waterproof Anti-Slip Outdoor Climbing Trekking Shoes Military Tactical Boots,Camel Official Store,Female-Black,5.5,HRK 336.27,99
"https://www.aliexpress.com/item/32949506271.html?spm=a2g0o.productlist.0.0.3888e7b879Rcun&s=p&ad_pvid=202007052216005954785301924050015873321_1&algo_pvid=f893b3df-c6b9-4ebe-9a0a-8b6e8fadcd06&algo_expid=f893b3df-c6b9-4ebe-9a0a-8b6e8fadcd06-0&btsid=0ab6f83a15940125603762150e6ac3&ws_ab_test=searchweb0_0,searchweb201602_,searchweb201603_
",CAMEL Men Women High Top Hiking Shoes 2019 Durable Waterproof Anti-Slip Outdoor Climbing Trekking Shoes Military Tactical Boots,Camel Official Store,Female-Black,6,HRK 336.27,100
"https://www.aliexpress.com/item/32949506271.html?spm=a2g0o.productlist.0.0.3888e7b879Rcun&s=p&ad_pvid=202007052216005954785301924050015873321_1&algo_pvid=f893b3df-c6b9-4ebe-9a0a-8b6e8fadcd06&algo_expid=f893b3df-c6b9-4ebe-9a0a-8b6e8fadcd06-0&btsid=0ab6f83a15940125603762150e6ac3&ws_ab_test=searchweb0_0,searchweb201602_,searchweb201603_
",CAMEL Men Women High Top Hiking Shoes 2019 Durable Waterproof Anti-Slip Outdoor Climbing Trekking Shoes Military Tactical Boots,Camel Official Store,Female-Black,6.5,HRK 336.27,99
"https://www.aliexpress.com/item/32949506271.html?spm=a2g0o.productlist.0.0.3888e7b879Rcun&s=p&ad_pvid=202007052216005954785301924050015873321_1&algo_pvid=f893b3df-c6b9-4ebe-9a0a-8b6e8fadcd06&algo_expid=f893b3df-c6b9-4ebe-9a0a-8b6e8fadcd06-0&btsid=0ab6f83a15940125603762150e6ac3&ws_ab_test=searchweb0_0,searchweb201602_,searchweb201603_
",CAMEL Men Women High Top Hiking Shoes 2019 Durable Waterproof Anti-Slip Outdoor Climbing Trekking Shoes Military Tactical Boots,Camel Official Store,Female-Black,7,HRK 336.27,100
"https://www.aliexpress.com/item/32949506271.html?spm=a2g0o.productlist.0.0.3888e7b879Rcun&s=p&ad_pvid=202007052216005954785301924050015873321_1&algo_pvid=f893b3df-c6b9-4ebe-9a0a-8b6e8fadcd06&algo_expid=f893b3df-c6b9-4ebe-9a0a-8b6e8fadcd06-0&btsid=0ab6f83a15940125603762150e6ac3&ws_ab_test=searchweb0_0,searchweb201602_,searchweb201603_
",CAMEL Men Women High Top Hiking Shoes 2019 Durable Waterproof Anti-Slip Outdoor Climbing Trekking Shoes Military Tactical Boots,Camel Official Store,Female-Black,7.5,NA,NA
"https://www.aliexpress.com/item/32949506271.html?spm=a2g0o.productlist.0.0.3888e7b879Rcun&s=p&ad_pvid=202007052216005954785301924050015873321_1&algo_pvid=f893b3df-c6b9-4ebe-9a0a-8b6e8fadcd06&algo_expid=f893b3df-c6b9-4ebe-9a0a-8b6e8fadcd06-0&btsid=0ab6f83a15940125603762150e6ac3&ws_ab_test=searchweb0_0,searchweb201602_,searchweb201603_
",CAMEL Men Women High Top Hiking Shoes 2019 Durable Waterproof Anti-Slip Outdoor Climbing Trekking Shoes Military Tactical Boots,Camel Official Store,Female-Black,8,NA,NA
"https://www.aliexpress.com/item/32949506271.html?spm=a2g0o.productlist.0.0.3888e7b879Rcun&s=p&ad_pvid=202007052216005954785301924050015873321_1&algo_pvid=f893b3df-c6b9-4ebe-9a0a-8b6e8fadcd06&algo_expid=f893b3df-c6b9-4ebe-9a0a-8b6e8fadcd06-0&btsid=0ab6f83a15940125603762150e6ac3&ws_ab_test=searchweb0_0,searchweb201602_,searchweb201603_
",CAMEL Men Women High Top Hiking Shoes 2019 Durable Waterproof Anti-Slip Outdoor Climbing Trekking Shoes Military Tactical Boots,Camel Official Store,Female-Black,8.5,NA,NA
"https://www.aliexpress.com/item/32949506271.html?spm=a2g0o.productlist.0.0.3888e7b879Rcun&s=p&ad_pvid=202007052216005954785301924050015873321_1&algo_pvid=f893b3df-c6b9-4ebe-9a0a-8b6e8fadcd06&algo_expid=f893b3df-c6b9-4ebe-9a0a-8b6e8fadcd06-0&btsid=0ab6f83a15940125603762150e6ac3&ws_ab_test=searchweb0_0,searchweb201602_,searchweb201603_
",CAMEL Men Women High Top Hiking Shoes 2019 Durable Waterproof Anti-Slip Outdoor Climbing Trekking Shoes Military Tactical Boots,Camel Official Store,Female-Black,9,NA,NA
